status	path	zones	purpose
??	apps/avelune_studio/test/presentation/resource_image_import_test.dart	unreadable PNG preview and cancellation	Recoverable preview error without uncaught Flutter exception
 M	apps/avelune_studio/README.md	@@ -1 +1 @@; @@ -5 +5,2 @@ d’éditer les décors préparés et des tuiles simples, puis d’enregistrer e; @@ -54,0 +56,26 @@ pendant une saisie de texte.; @@ -63,3 +90,9 @@ il ne remplace pas la profondeur dynamique du personnage.; @@ -69,3 +102,8 @@ Le cache conserve au plus 256 Mio décodés, avec éviction des images non utili; @@ -104,0 +143,3 @@ lib/; @@ -151 +192,4 @@ Les preuves et les réserves de recette sont détaillées dans le; @@ -153 +197 @@ Le runner existant `tool/run_check.py` conserve sorties, codes et descendants de	M2 UI integration and documented user flow
 M	apps/avelune_studio/lib/app/di/providers.dart	@@ -2,0 +3 @@ export 'project_session_providers.dart';	dependency injection and workspace lifecycle
 M	apps/avelune_studio/lib/app/studio_bootstrap.dart	StudioBootstrap; @@ -8,0 +9,2 @@ import 'package:avelune_studio/platform/files/native_project_directory_picker.da; @@ -27,0 +30,13 @@ class StudioBootstrap extends StatelessWidget {	dependency injection and workspace lifecycle
 M	apps/avelune_studio/lib/features/map_workspace/application/map_workspace_controller.dart	MapWorkspaceController; @@ -27,0 +28 @@ class MapWorkspaceController {; @@ -95,0 +97,12 @@ class MapWorkspaceController {	preserve M1 session and integrate resource brushes
 M	apps/avelune_studio/lib/features/map_workspace/data/local_map_workspace_adapter.dart	LocalMapWorkspaceAdapter; _ProjectDocument; @@ -2,0 +3 @@ import 'dart:io';; @@ -11,0 +13 @@ import 'package:avelune_studio/features/map_workspace/data/map_document_retentio; @@ -23,0 +26,39 @@ final class LocalMapWorkspaceAdapter implements MapWorkspacePort {; @@ -106,0 +148,6 @@ final class LocalMapWorkspaceAdapter implements MapWorkspacePort {	preserve M1 session and integrate resource brushes
 M	apps/avelune_studio/lib/platform/rendering/studio_image_store.dart	StudioImageStore; @@ -21,3 +21 @@ final class StudioImageStore {; @@ -51,0 +50,2 @@ final class StudioImageStore {; @@ -56,0 +57,2 @@ final class StudioImageStore {; @@ -58,4 +60,4 @@ final class StudioImageStore {; @@ -66,0 +69,3 @@ final class StudioImageStore {; @@ -71 +76 @@ final class StudioImageStore {; @@ -72,0 +78 @@ final class StudioImageStore {; @@ -75,0 +82,2 @@ final class StudioImageStore {; @@ -76,0 +85 @@ final class StudioImageStore {; @@ -88,0 +98,9 @@ final class StudioImageStore {; @@ -93,0 +112,40 @@ final class StudioImageStore {; @@ -99 +157,5 @@ final class StudioImageStore {; @@ -148 +210,2 @@ final class StudioImageStore {; @@ -150,0 +214,3 @@ final class StudioImageStore {; @@ -173 +239 @@ final class StudioImageStore {; @@ -174,0 +241,7 @@ final class StudioImageStore {; @@ -187 +260,4 @@ final class StudioImageStore {; @@ -193,2 +269,3 @@ final class StudioImageStore {; @@ -196 +273 @@ final class StudioImageStore {; @@ -198,0 +276,2 @@ final class StudioImageStore {; @@ -214,0 +294,4 @@ final class StudioImageStore {	demand loading, budget and targeted resource invalidation
 M	apps/avelune_studio/lib/platform/rendering/studio_map_resources.dart	StudioMapResources; _ResourceChanges; @@ -2 +1,0 @@ import 'dart:async';; @@ -5,3 +3,0 @@ import 'package:flutter/widgets.dart';; @@ -10,0 +7 @@ import 'package:map_runtime/map_runtime_authoring.dart';; @@ -19,0 +17,2 @@ import 'studio_resource_thumbnail.dart';; @@ -21 +20,2 @@ import 'studio_resource_thumbnail.dart';; @@ -26,2 +26,2 @@ final class StudioMapResources implements MapWorkspaceVisuals {; @@ -35,0 +36,5 @@ final class StudioMapResources implements MapWorkspaceVisuals {; @@ -52,2 +56,0 @@ final class StudioMapResources implements MapWorkspaceVisuals {; @@ -55,3 +58,6 @@ final class StudioMapResources implements MapWorkspaceVisuals {; @@ -59,15 +64,0 @@ final class StudioMapResources implements MapWorkspaceVisuals {; @@ -83,8 +73,0 @@ final class StudioMapResources implements MapWorkspaceVisuals {; @@ -102,0 +86,52 @@ final class StudioMapResources implements MapWorkspaceVisuals {; @@ -112,0 +148 @@ final class StudioMapResources implements MapWorkspaceVisuals {; @@ -121,0 +158,3 @@ final class StudioMapResources implements MapWorkspaceVisuals {; @@ -130,0 +170,11 @@ final class StudioMapResources implements MapWorkspaceVisuals {; @@ -137 +187,3 @@ final class StudioMapResources implements MapWorkspaceVisuals {; @@ -166,0 +219 @@ final class StudioMapResources implements MapWorkspaceVisuals {	demand loading, budget and targeted resource invalidation
 M	apps/avelune_studio/lib/platform/rendering/studio_map_visual_widgets.dart	StudioMapVisual; _StudioMapVisualState; _MissingResourcePainter; _MapPainter; @@ -24,0 +25 @@ class _StudioMapVisualState extends State<StudioMapVisual> {; @@ -33,0 +35,20 @@ class _StudioMapVisualState extends State<StudioMapVisual> {; @@ -41,0 +63,2 @@ class _StudioMapVisualState extends State<StudioMapVisual> {; @@ -51,0 +75 @@ class _StudioMapVisualState extends State<StudioMapVisual> {	demand loading, budget and targeted resource invalidation
 M	apps/avelune_studio/lib/platform/rendering/studio_resource_decoder.dart	StudioResourceFailure; StudioResourceDecoder; @@ -13 +13 @@ final class StudioResourceFailure implements Exception {; @@ -15,0 +16 @@ final class StudioResourceFailure implements Exception {; @@ -34 +35 @@ final class StudioResourceDecoder {; @@ -68 +69 @@ final class StudioResourceDecoder {; @@ -70 +71,2 @@ final class StudioResourceDecoder {; @@ -74,0 +77 @@ final class StudioResourceDecoder {; @@ -103 +106 @@ final class StudioResourceDecoder {; @@ -105 +108,2 @@ final class StudioResourceDecoder {; @@ -108,2 +112,2 @@ final class StudioResourceDecoder {	demand loading, budget and targeted resource invalidation
 M	apps/avelune_studio/lib/platform/rendering/studio_resource_index.dart	StudioResourceIndex; @@ -48,0 +49,29 @@ final class StudioResourceIndex {	demand loading, budget and targeted resource invalidation
 M	apps/avelune_studio/lib/platform/rendering/studio_resource_thumbnail.dart	StudioResourceThumbnail; _StudioResourceThumbnailState; _ThumbnailSlice; _ThumbnailPainter; @@ -31,0 +32 @@ class _StudioResourceThumbnailState extends State<StudioResourceThumbnail> {; @@ -48,0 +50 @@ class _StudioResourceThumbnailState extends State<StudioResourceThumbnail> {; @@ -56,3 +58,5 @@ class _StudioResourceThumbnailState extends State<StudioResourceThumbnail> {; @@ -60,0 +65,3 @@ class _StudioResourceThumbnailState extends State<StudioResourceThumbnail> {	demand loading, budget and targeted resource invalidation
 M	apps/avelune_studio/lib/presentation/features/map_workspace/map_workspace_canvas.dart	MapWorkspaceCanvas; _MapWorkspaceCanvasState; @@ -5 +4,0 @@ import 'package:flutter/material.dart';; @@ -12,0 +12 @@ import 'package:avelune_studio/presentation/features/map_workspace/map_workspace; @@ -39,2 +39 @@ class _MapWorkspaceCanvasState extends State<MapWorkspaceCanvas> {; @@ -88,19 +87,8 @@ class _MapWorkspaceCanvasState extends State<MapWorkspaceCanvas> {; @@ -108 +96,5 @@ class _MapWorkspaceCanvasState extends State<MapWorkspaceCanvas> {; @@ -110,2 +101,0 @@ class _MapWorkspaceCanvasState extends State<MapWorkspaceCanvas> {; @@ -116,15 +106 @@ class _MapWorkspaceCanvasState extends State<MapWorkspaceCanvas> {; @@ -164,8 +140 @@ class _MapWorkspaceCanvasState extends State<MapWorkspaceCanvas> {; @@ -187 +155,0 @@ class _MapWorkspaceCanvasState extends State<MapWorkspaceCanvas> {; @@ -252 +220,5 @@ class _MapWorkspaceCanvasState extends State<MapWorkspaceCanvas> {; @@ -265 +237 @@ class _MapWorkspaceCanvasState extends State<MapWorkspaceCanvas> {	preserve M1 session and integrate resource brushes
 M	apps/avelune_studio/lib/presentation/features/map_workspace/map_workspace_inspector.dart	MapWorkspaceInspector; _MapWorkspaceInspectorState; @@ -3,0 +4 @@ import 'package:avelune_studio/presentation/shared/widgets/buttons/studio_tool.d; @@ -16,0 +18,2 @@ class MapWorkspaceInspector extends StatefulWidget {; @@ -21,0 +25,2 @@ class MapWorkspaceInspector extends StatefulWidget {; @@ -93 +98,17 @@ class _MapWorkspaceInspectorState extends State<MapWorkspaceInspector> {	preserve M1 session and integrate resource brushes
 M	apps/avelune_studio/lib/presentation/features/map_workspace/map_workspace_panels.dart	MapWorkspacePalette; _MapWorkspacePaletteState; @@ -2 +1,0 @@ import 'package:flutter/material.dart';; @@ -3,0 +3 @@ import 'package:map_core/map_core_domain.dart';; @@ -7,2 +7,2 @@ import 'package:avelune_studio/features/map_workspace/application/editable_map_d; @@ -18,0 +19,2 @@ class MapWorkspacePalette extends StatefulWidget {; @@ -25,0 +28,2 @@ class MapWorkspacePalette extends StatefulWidget {; @@ -30,0 +35,2 @@ class _MapWorkspacePaletteState extends State<MapWorkspacePalette> {; @@ -34,4 +40,5 @@ class _MapWorkspacePaletteState extends State<MapWorkspacePalette> {; @@ -41 +48 @@ class _MapWorkspacePaletteState extends State<MapWorkspacePalette> {; @@ -45,3 +52,3 @@ class _MapWorkspacePaletteState extends State<MapWorkspacePalette> {; @@ -50,3 +57,3 @@ class _MapWorkspacePaletteState extends State<MapWorkspacePalette> {; @@ -54,25 +61,4 @@ class _MapWorkspacePaletteState extends State<MapWorkspacePalette> {; @@ -80,2 +66,18 @@ class _MapWorkspacePaletteState extends State<MapWorkspacePalette> {; @@ -87 +89 @@ class _MapWorkspacePaletteState extends State<MapWorkspacePalette> {; @@ -96 +98 @@ class _MapWorkspacePaletteState extends State<MapWorkspacePalette> {; @@ -98,2 +100,2 @@ class _MapWorkspacePaletteState extends State<MapWorkspacePalette> {; @@ -101 +103 @@ class _MapWorkspacePaletteState extends State<MapWorkspacePalette> {; @@ -104 +106,3 @@ class _MapWorkspacePaletteState extends State<MapWorkspacePalette> {; @@ -106,6 +110,8 @@ class _MapWorkspacePaletteState extends State<MapWorkspacePalette> {; @@ -113,10 +118,0 @@ class _MapWorkspacePaletteState extends State<MapWorkspacePalette> {; @@ -125,6 +121,5 @@ class _MapWorkspacePaletteState extends State<MapWorkspacePalette> {; @@ -132 +127 @@ class _MapWorkspacePaletteState extends State<MapWorkspacePalette> {; @@ -134,38 +129,29 @@ class _MapWorkspacePaletteState extends State<MapWorkspacePalette> {; @@ -173 +159,45 @@ class _MapWorkspacePaletteState extends State<MapWorkspacePalette> {; @@ -177,5 +207,4 @@ class _MapWorkspacePaletteState extends State<MapWorkspacePalette> {	preserve M1 session and integrate resource brushes
 M	apps/avelune_studio/lib/presentation/features/map_workspace/map_workspace_screen.dart	MapWorkspaceScreen; _MapWorkspaceScreenState; @@ -4,3 +3,0 @@ import 'package:map_core/map_core_domain.dart';; @@ -9,3 +5,0 @@ import 'package:avelune_studio/features/map_workspace/application/map_workspace_; @@ -15,0 +10,8 @@ import 'package:avelune_studio/presentation/features/map_workspace/map_workspace; @@ -30,0 +33,2 @@ class MapWorkspaceScreen extends StatefulWidget {; @@ -32,0 +37,2 @@ class MapWorkspaceScreen extends StatefulWidget {; @@ -44,0 +51,2 @@ class _MapWorkspaceScreenState extends State<MapWorkspaceScreen> {; @@ -78,0 +87,8 @@ class _MapWorkspaceScreenState extends State<MapWorkspaceScreen> {; @@ -102,0 +119,3 @@ class _MapWorkspaceScreenState extends State<MapWorkspaceScreen> {; @@ -107,3 +126,8 @@ class _MapWorkspaceScreenState extends State<MapWorkspaceScreen> {; @@ -113 +137,4 @@ class _MapWorkspaceScreenState extends State<MapWorkspaceScreen> {; @@ -116 +143 @@ class _MapWorkspaceScreenState extends State<MapWorkspaceScreen> {; @@ -158,0 +186 @@ class _MapWorkspaceScreenState extends State<MapWorkspaceScreen> {; @@ -178,0 +207,2 @@ class _MapWorkspaceScreenState extends State<MapWorkspaceScreen> {; @@ -185,0 +216,19 @@ class _MapWorkspaceScreenState extends State<MapWorkspaceScreen> {; @@ -189,3 +237,0 @@ class _MapWorkspaceScreenState extends State<MapWorkspaceScreen> {; @@ -200 +246 @@ class _MapWorkspaceScreenState extends State<MapWorkspaceScreen> {; @@ -202,88 +248,17 @@ class _MapWorkspaceScreenState extends State<MapWorkspaceScreen> {; @@ -290,0 +266,26 @@ class _MapWorkspaceScreenState extends State<MapWorkspaceScreen> {	preserve M1 session and integrate resource brushes
 M	apps/avelune_studio/lib/presentation/features/map_workspace/map_workspace_toolbar.dart	MapWorkspaceToolbar; @@ -184,2 +184,6 @@ class MapWorkspaceToolbar extends StatelessWidget {; @@ -187 +191,3 @@ class MapWorkspaceToolbar extends StatelessWidget {	preserve M1 session and integrate resource brushes
 M	apps/avelune_studio/lib/presentation/features/map_workspace/map_workspace_view_state.dart	StudioMapTool; MapWorkspaceViewState; @@ -4 +4 @@ import 'package:map_core/map_core_domain.dart';; @@ -10,0 +11 @@ class MapWorkspaceViewState {; @@ -12,0 +14 @@ class MapWorkspaceViewState {	preserve M1 session and integrate resource brushes
 M	apps/avelune_studio/lib/presentation/features/map_workspace/map_workspace_visuals.dart	@@ -24,0 +25,9 @@ typedef LoadWorkspaceVisuals =	preserve M1 session and integrate resource brushes
 M	apps/avelune_studio/lib/presentation/features/map_workspace/workspace_resource_diagnostic.dart	WorkspaceResourceCause; WorkspaceResourceStatus; WorkspaceResourceDiagnostic; @@ -18,0 +19 @@ final class WorkspaceResourceDiagnostic {; @@ -26 +27,2 @@ final class WorkspaceResourceDiagnostic {	preserve M1 session and integrate resource brushes
 M	apps/avelune_studio/lib/presentation/shared/widgets/buttons/studio_button.dart	StudioButton; @@ -25 +25 @@ class StudioButton extends StatelessWidget {	M2 UI integration and documented user flow
 M	apps/avelune_studio/lib/presentation/shell/studio_workspace_host.dart	StudioWorkspaceHost; @@ -25,0 +26,2 @@ class StudioWorkspaceHost extends ConsumerWidget {	dependency injection and workspace lifecycle
 M	apps/avelune_studio/test/presentation/desktop_workspace_layout_test.dart	@@ -149 +149,3 @@ void main() {; @@ -161 +163,7 @@ void main() {	behavior proof and regression guard
 M	packages/map_authoring/lib/src/application/map_mutation_dispatcher.dart	MapMutationActionRegistration; MapMutationDispatcher; @@ -20,0 +21 @@ import '../domains/assets/tiled_tileset_import_actions.dart';; @@ -290,0 +292,5 @@ final class MapMutationDispatcher {	canonical staged resource mutation and recovery
 M	packages/map_authoring/lib/src/domains/assets/element_actions.dart	ElementActions; @@ -6,0 +7 @@ import 'tileset_actions.dart';; @@ -33 +34 @@ final class ElementActions {; @@ -36,0 +38,16 @@ final class ElementActions {; @@ -38 +55 @@ final class ElementActions {	canonical staged resource mutation and recovery
 M	packages/map_core/lib/src/operations/smart_tile_layer_creation.dart	SmartTileLayerCreationResult; SmartTileLayerCreationSuccess; SmartTileLayerCreationFailure; _SmartTileFieldCreationResult; _SmartTileFieldCreationSuccess; _SmartTileFieldCreationFailure; _SmartTileFieldShape; @@ -93,0 +94,35 @@ SmartTileLayerCreationResult planNativeSmartTileLayerCreation({	native terrain support with authoritative active map
 M	packages/map_core/test/smart_tiles/smart_tile_layer_creation_test.dart	@@ -4,0 +5,50 @@ void main() {	behavior proof and regression guard
 M	packages/map_runtime/lib/map_runtime_authoring.dart	@@ -7 +7 @@ export 'src/application/runtime_manifest_tilesets.dart'	image generation lifetime and canonical terrain dependencies
 M	packages/map_runtime/lib/src/infrastructure/tile_image_loader.dart	RuntimeTilesetImageSingleFlightCache; _RuntimeTilesetImageLoadSlot; _RuntimeTilesetImageCacheKey; @@ -40 +40 @@ final class RuntimeTilesetImageSingleFlightCache {; @@ -43 +43 @@ final class RuntimeTilesetImageSingleFlightCache {	image generation lifetime and canonical terrain dependencies
 M	packages/map_runtime/test/tile_image_loader_singleflight_test.dart	@@ -40,0 +41,22 @@ void main() {	behavior proof and regression guard
??	apps/avelune_studio/lib/app/di/resource_providers.dart	whole focused file	dependency injection and workspace lifecycle
??	apps/avelune_studio/lib/features/decors/application/decor_draft.dart	DecorDraft	exact decor selection, collision mask and shared variants
??	apps/avelune_studio/lib/features/decors/application/decor_source_support.dart	whole focused file	exact decor selection, collision mask and shared variants
??	apps/avelune_studio/lib/features/resources/data/local_resource_adapter.dart	LocalResourceAdapter	resource import, navigation, catalog and publication
??	apps/avelune_studio/lib/features/resources/data/resource_no_change.dart	whole focused file	resource import, navigation, catalog and publication
??	apps/avelune_studio/lib/features/resources/domain/resource_port.dart	ResourceImageImport; ResourceMutationReceipt; ResourceFailure	resource import, navigation, catalog and publication
??	apps/avelune_studio/lib/features/terrains/application/terrain_brush.dart	whole focused file	native terrain rules, scratch preview and map brush
??	apps/avelune_studio/lib/features/terrains/application/terrain_draft_controller.dart	TerrainDraftController	native terrain rules, scratch preview and map brush
??	apps/avelune_studio/lib/features/terrains/domain/terrain_connections.dart	whole focused file	native terrain rules, scratch preview and map brush
??	apps/avelune_studio/lib/platform/files/native_resource_image_picker.dart	NativeResourceImagePicker	M2 UI integration and documented user flow
??	apps/avelune_studio/lib/platform/rendering/studio_atlas_preview.dart	StudioAtlasPreview; _StudioAtlasPreviewState; _AtlasPainter	demand loading, budget and targeted resource invalidation
??	apps/avelune_studio/lib/platform/rendering/studio_resource_catalog.dart	whole focused file	demand loading, budget and targeted resource invalidation
??	apps/avelune_studio/lib/presentation/features/map_workspace/map_canvas_stroke.dart	MapCanvasStroke	preserve M1 session and integrate resource brushes
??	apps/avelune_studio/lib/presentation/features/map_workspace/map_workspace_layout.dart	MapWorkspaceLayout	preserve M1 session and integrate resource brushes
??	apps/avelune_studio/lib/presentation/features/resources/atlas_selection_view.dart	AtlasSelectionView; _AtlasSelectionViewState; _AtlasGrid	resource import, navigation, catalog and publication
??	apps/avelune_studio/lib/presentation/features/resources/decor_collision_mask.dart	DecorCollisionMask	resource import, navigation, catalog and publication
??	apps/avelune_studio/lib/presentation/features/resources/decor_editor_screen.dart	DecorEditorScreen; _DecorEditorScreenState	resource import, navigation, catalog and publication
??	apps/avelune_studio/lib/presentation/features/resources/resource_brush_selection.dart	whole focused file	resource import, navigation, catalog and publication
??	apps/avelune_studio/lib/presentation/features/resources/resource_catalog.dart	ResourceKind; ResourceItem; ResourceLibraryState	resource import, navigation, catalog and publication
??	apps/avelune_studio/lib/presentation/features/resources/resource_detail_panel.dart	ResourceDetailPanel	resource import, navigation, catalog and publication
??	apps/avelune_studio/lib/presentation/features/resources/resource_image_import.dart	PickedResourceImage	resource import, navigation, catalog and publication
??	apps/avelune_studio/lib/presentation/features/resources/resource_library_screen.dart	ResourceLibraryScreen; _ResourceLibraryScreenState	resource import, navigation, catalog and publication
??	apps/avelune_studio/lib/presentation/features/resources/resource_navigation.dart	ResourcePage; ResourceNavigation	resource import, navigation, catalog and publication
??	apps/avelune_studio/lib/presentation/features/resources/resource_preview.dart	whole focused file	resource import, navigation, catalog and publication
??	apps/avelune_studio/lib/presentation/features/resources/resource_workspace_pane.dart	ResourceWorkspacePane	resource import, navigation, catalog and publication
??	apps/avelune_studio/lib/presentation/features/resources/tile_selection_dialog.dart	whole focused file	resource import, navigation, catalog and publication
??	apps/avelune_studio/lib/presentation/features/terrains/terrain_editor_screen.dart	TerrainEditorScreen; _TerrainEditorScreenState	native terrain rules, scratch preview and map brush
??	apps/avelune_studio/lib/presentation/features/terrains/terrain_scratch_view.dart	TerrainScratchView	native terrain rules, scratch preview and map brush
??	apps/avelune_studio/lib/presentation/shared/widgets/inputs/studio_resource_card.dart	StudioResourceCard	M2 UI integration and documented user flow
??	apps/avelune_studio/test/application/decor_draft_test.dart	whole focused file	behavior proof and regression guard
??	apps/avelune_studio/test/infrastructure/studio_large_atlas_test.dart	whole focused file	behavior proof and regression guard
??	apps/avelune_studio/test/infrastructure/studio_resource_catalog_update_test.dart	whole focused file	behavior proof and regression guard
??	apps/avelune_studio/test/infrastructure/studio_terrain_brush_resources_test.dart	whole focused file	behavior proof and regression guard
??	apps/avelune_studio/test/presentation/atlas_selection_view_test.dart	whole focused file	behavior proof and regression guard
??	apps/avelune_studio/test/presentation/decor_collision_mask_test.dart	whole focused file	behavior proof and regression guard
??	apps/avelune_studio/test/presentation/m2_end_to_end_test.dart	whole focused file	behavior proof and regression guard
??	apps/avelune_studio/test/resource_io/decor_resource_io_test.dart	whole focused file	behavior proof and regression guard
??	apps/avelune_studio/test/resource_io/local_resource_adapter_test.dart	whole focused file	behavior proof and regression guard
??	apps/avelune_studio/test/resource_io/resource_fixture.dart	ResourceFixture	behavior proof and regression guard
??	apps/avelune_studio/test/resource_io/resource_navigation_save_test.dart	_ControlledResources	behavior proof and regression guard
??	apps/avelune_studio/test/resource_io/terrain_resource_io_test.dart	whole focused file	behavior proof and regression guard
??	apps/avelune_studio/test/support/m2_ui_fixture.dart	M2UiFixture; WidgetResourcePort; WidgetMapController	behavior proof and regression guard
??	apps/avelune_studio/test/terrain_canvas_test.dart	_PreviewVisuals	behavior proof and regression guard
??	apps/avelune_studio/test/terrain_creation_test.dart	whole focused file	behavior proof and regression guard
??	apps/avelune_studio/test/terrain_editor_test.dart	whole focused file	behavior proof and regression guard
??	apps/avelune_studio/test/terrain_runtime_test.dart	whole focused file	behavior proof and regression guard
??	packages/map_authoring/lib/src/domains/assets/tileset_image_import_actions.dart	TilesetImageImportActions	canonical staged resource mutation and recovery
??	packages/map_authoring/test/domains/assets/tileset_image_import_test.dart	_Fixture	behavior proof and regression guard
??	tools/pokemap_mcp/test/studio_resource_import.test.ts	whole focused file	behavior proof and regression guard
